<?xml version="1.0" encoding="UTF-8"?>
<beans xmlns="http://www.springframework.org/schema/beans"
	xmlns:context="http://www.springframework.org/schema/context"
	xmlns:xsi="http://www.w3.org/2001/XMLSchema-instance" xmlns:tx="http://www.springframework.org/schema/tx"
	xsi:schemaLocation="http://www.springframework.org/schema/beans http://www.springframework.org/schema/beans/spring-beans-3.0.xsd http://www.springframework.org/schema/tx http://www.springframework.org/schema/tx/spring-tx.xsd
	http://www.springframework.org/schema/context http://www.springframework.org/schema/context/spring-context-3.0.xsd">

	<!-- Root Context: defines shared resources visible to all other web components -->
 	<context:annotation-config/>
	<context:component-scan base-package="es.vase3" />

<!-- 	<bean id="validator" class="org.springframework.validation.beanvalidation.LocalValidatorFactoryBean" /> -->
<!-- 	<bean class="org.springframework.validation.beanvalidation.MethodValidationPostProcessor"> -->
<!-- 		<property name="validator" ref="validator" /> -->
<!-- 	</bean> -->

	<!-- Scans within the base package of the application for @Components to configure as beans -->
	<!--<bean id="placeholderConfig"
		class="org.springframework.beans.factory.config.PropertyPlaceholderConfigurer">
		<property name="location" value="classpath:spring/db.properties" />
	</bean>-->

	<bean id="entityManagerFactory" class="org.springframework.orm.jpa.LocalContainerEntityManagerFactoryBean">
		<property name="jpaVendorAdapter">
			<bean class="org.springframework.orm.jpa.vendor.HibernateJpaVendorAdapter">
				<property name="showSql" value="true" />
				<property name="generateDdl" value="true" />
				<property name="databasePlatform" value="org.hibernate.dialect.HSQLDialect" />
			</bean>
		</property>
		<property name="jpaProperties">
       		<props>
				<prop key="hibernate.hbm2ddl.auto">create-drop</prop>
				<prop key="hibernate.show_sql">true</prop>
				<prop key="hibernate.cache.provider_class">org.hibernate.cache.HashtableCacheProvider</prop>
         	</props>
  		</property>
  		<property name="dataSource" ref="dataSource" />
  		<property name="packagesToScan" value="es.vase3" />
	</bean>

	<bean id="dataSource" class="org.apache.tomcat.dbcp.dbcp2.BasicDataSource" destroy-method="close">
		<property name="driverClassName" value="org.hsqldb.jdbcDriver" />
		<property name="url" value="jdbc:hsqldb:mem:app-db" />
		<property name="username" value="sa" />
		<property name="password" value="" />
		<property name="initialSize" value="10" />
		<property name="maxTotal" value="50" />
	</bean>

	<bean id="transactionManager" class="org.springframework.orm.jpa.JpaTransactionManager">

	</bean>
	


	<tx:annotation-driven />

	<bean
		class="org.springframework.orm.jpa.support.PersistenceAnnotationBeanPostProcessor" />

</beans>
